Foster Weather Station,63.83517988298269
63rd Street Weather Station,72.58917709170206
Oak Street Weather Station,65.28146524733876
